,smell value,TEST
0,3.0,7.352e-06
1,4.0,1.464e-05
2,4.0,0.0
3,5.0,7.352e-06
4,4.0,0.0
5,4.0,7.35e-06
6,9.0,0.035948513
7,14.0,2.2057e-05
8,3.0,0.000198539
9,10.0,0.000463022
10,3.0,0.000190989
11,5.0,0.000433599
12,4.0,0.009971544
13,5.0,0.000294232
14,5.0,0.04422659
15,4.0,0.14523344
16,5.0,0.160304253
17,5.0,0.076184172
18,5.0,0.002521868
19,3.0,0.133884088
20,4.0,0.002196774
21,4.0,0.039795791
22,14.0,0.012946183
23,5.0,0.04508178
24,5.0,0.04113995
25,7.0,0.098488802
26,5.0,0.069152387
27,4.0,0.042093904
28,7.0,0.030978827
29,5.0,0.053723816
30,5.0,0.042925753
31,4.0,0.033825935
32,4.0,0.0
33,5.0,0.024294946
34,5.0,0.035053924
35,3.0,0.0
0,4.0,0.0
1,4.0,0.0
2,10.0,0.029434206
3,5.0,0.0
4,8.0,0.0
5,5.0,0.0
6,4.0,0.0
7,4.0,0.019351536
8,4.0,0.000806462
9,5.0,0.019062134
10,3.0,0.044477533
11,5.0,0.0
12,4.0,0.012340488
13,4.0,0.000310259
14,3.0,0.057817739
15,5.0,0.009957145
16,5.0,0.022722119
17,4.0,0.060845678
18,4.0,0.06981785
19,3.0,0.022097224999999998
20,4.0,0.0
21,4.0,0.013500007999999999
22,5.0,0.199646868
23,5.0,0.11432394
24,4.0,8.539e-06
25,3.0,0.0
0,4.0,0.0
1,4.0,0.004429036
2,3.0,0.0
3,4.0,0.011098964
4,3.0,0.072524776
5,7.0,0.14143865
6,3.0,0.008714064
7,3.0,0.007824961
8,4.0,0.09202969
9,12.0,0.093784664
10,4.0,0.096802175
11,4.0,0.143784807
12,4.0,0.0
13,4.0,0.0
14,5.0,0.148641872
15,3.0,0.093795839
16,5.0,0.208304993
17,5.0,0.100703785
18,4.0,0.06291806900000001
19,9.0,0.051945833
20,4.0,0.048607358
21,4.0,0.042030486
22,5.0,0.129412758
23,5.0,0.207991906
24,5.0,0.198916445
25,5.0,0.054159838
26,4.0,0.044688487
27,9.0,0.052055958
28,5.0,0.045046153
29,5.0,0.998961752
30,5.0,0.361501691
31,4.0,0.193645257
32,4.0,0.102060659
33,5.0,0.288296413
34,5.0,0.050069534
0,1.0,0.0
1,4.0,0.000898422
2,3.0,0.0
3,4.0,0.026219059
4,5.0,0.044871788
5,3.0,0.00290485
6,5.0,4.071e-05
7,4.0,0.0052723250000000004
8,5.0,0.00114157
9,3.0,0.002722188
10,4.0,0.002285477
11,3.0,0.005763357
12,4.0,0.003599008
13,5.0,0.006875642
14,4.0,0.004311518
15,5.0,0.006029122
16,4.0,0.003715622
17,3.0,0.004914104
18,4.0,0.083860921
19,5.0,0.179617634
20,10.0,0.128450069
21,4.0,0.020162942
22,5.0,0.048395981
23,5.0,0.011846469
24,5.0,0.078512694
25,5.0,0.035101751
0,5.0,0.0
1,3.0,0.0
2,16.0,8.436000000000001e-05
3,4.0,0.0
4,9.0,0.06293425799999999
5,2.0,0.028289609
6,3.0,0.040623741
7,4.0,0.13736188
8,5.0,0.045319958
9,8.0,0.063026985
10,5.0,0.049538454
11,5.0,0.110192811
12,5.0,0.110880394
13,3.0,0.162013598
14,4.0,0.227684525
15,3.0,0.050548429
16,5.0,0.050806921
17,5.0,0.051195756
18,5.0,0.104537611
19,5.0,0.180778765
20,9.0,0.164501023
21,5.0,0.149684395
22,10.0,0.07019647
23,12.0,0.070145655
24,8.0,0.062969257
25,5.0,0.058030718
26,5.0,0.526906013
27,12.0,0.108768868
28,3.0,0.074556607
29,5.0,0.047604047
30,2.0,0.014366625
31,5.0,0.371619789
32,4.0,0.074650827
33,4.0,0.130947942
34,4.0,0.059899813
0,5.0,0.0
1,9.0,0.00034412
2,4.0,0.002275878
3,4.0,0.003742952
4,5.0,0.002529775
5,4.0,0.002649916
6,5.0,0.002920584
7,4.0,0.004213279
8,8.0,0.002820904
9,4.0,0.013085859
10,5.0,0.007930453
11,5.0,0.009400985
12,5.0,0.005703243
13,5.0,0.017944698
14,4.0,0.016799332
15,4.0,0.016920799
16,5.0,0.016369629
17,5.0,0.013099185
18,5.0,0.014971465
19,5.0,0.061344369
20,3.0,0.023863958
21,4.0,0.045273139
0,4.0,0.0
1,4.0,0.0
2,5.0,0.0
3,5.0,0.0
4,3.0,0.001867386
5,9.0,0.003634194
6,1.0,0.00882142
7,4.0,0.034427709
8,4.0,0.0
9,4.0,0.064552762
10,5.0,0.016380393
11,5.0,0.018740217
12,4.0,0.015688311
13,4.0,0.069279354
14,3.0,0.085788972
15,4.0,0.048171883
16,2.0,0.006199467
17,3.0,0.005917267
18,5.0,0.006090811
19,4.0,0.009080487
20,13.0,0.009854916
21,13.0,0.012963427
22,5.0,0.021645727
23,3.0,0.018441909
24,10.0,0.065705507
25,8.0,0.013787449
26,14.0,0.022810276
27,7.0,0.02609032
28,5.0,0.10346414500000001
29,5.0,0.024096769
30,5.0,0.020161583
31,20.0,0.019345212
32,8.0,0.020896916
33,5.0,0.017571791
34,3.0,0.045557392
35,7.0,0.046387491
36,5.0,0.033386955
37,14.0,0.03690207
38,12.0,0.034920723
39,5.0,0.032025181
40,5.0,0.05105555
41,5.0,0.100842774
42,10.0,0.037398919
43,4.0,0.048060069
44,5.0,0.074870411
45,5.0,0.072343276
46,9.0,0.155874005
47,4.0,0.144369472
48,9.0,0.045226864
49,4.0,0.03753545
50,5.0,0.028385506
51,3.0,0.541312745
52,4.0,0.042757443
0,5.0,0.0
1,3.0,0.0
2,10.0,0.0
3,3.0,0.0
4,4.0,0.0
5,2.0,0.000171894
6,4.0,0.0
7,4.0,0.0
8,5.0,0.0
9,5.0,0.0
10,5.0,0.0
11,5.0,0.0
12,5.0,0.0
13,4.0,4.6595e-06
14,5.0,6.187e-06
15,15.0,1.50804e-05
16,12.0,1.68789e-05
17,8.0,0.0001835457
18,2.0,0.0001399316
19,4.0,0.0
20,4.0,0.0001788969
21,4.0,0.0
22,5.0,0.0068010355
23,5.0,0.0357904289
24,4.0,0.0036108889
25,5.0,0.0298396469
26,5.0,0.0410524398
27,3.0,0.0213459966
28,4.0,0.006476302
29,9.0,0.0053753017
30,4.0,0.0078578419
31,5.0,0.0170322175
32,3.0,0.0443540238
33,4.0,0.0064321774
34,5.0,0.0043680894
35,3.0,0.0067783888
36,3.0,7.117599999999999e-06
0,5.0,0.0
1,5.0,0.0
2,2.0,0.0
3,3.0,3.2995e-05
4,5.0,2.2521e-05
5,4.0,0.002331288
6,5.0,0.0
7,4.0,0.023231691
8,4.0,0.021334159
9,5.0,0.044961117
10,3.0,0.015948404
11,3.0,0.03579365
12,3.0,0.037613492
13,4.0,0.070508511
14,9.0,0.039790587
15,3.0,0.026419
16,5.0,0.039931267
17,4.0,0.053391535
18,5.0,0.038391262
19,5.0,0.034313141
20,3.0,0.028444606
21,9.0,0.026263202
22,6.0,0.024897518
23,9.0,0.05998807
24,15.0,0.034467675
25,9.0,0.047086642
26,9.0,0.040132634
27,9.0,0.1629576
28,5.0,0.024275477
29,5.0,0.032018985
30,8.0,0.02857473
31,4.0,0.027315222
32,14.0,0.026349687
33,10.0,0.115471876
34,4.0,0.13371623
35,4.0,0.038857449
36,4.0,0.049830491
37,8.0,0.036867593
38,5.0,0.0
39,5.0,0.047429485
40,4.0,0.035241933
41,5.0,0.057012573999999996
42,4.0,0.042392114
43,4.0,0.047292121
44,3.0,0.052227182
0,5.0,0.0
1,5.0,0.0
2,3.0,0.000196689
3,8.0,0.001114874
4,3.0,0.001525748
5,4.0,0.0
6,4.0,0.001040332
7,4.0,0.000901707
8,5.0,0.002902256
9,4.0,0.004954094
10,3.0,0.003549952
11,3.0,0.004994379
12,10.0,0.003837136
13,4.0,0.007138511
14,5.0,0.006834577
15,5.0,0.006372145
16,4.0,0.0058200551
17,4.0,0.0053635474
18,10.0,0.0049054324
19,1.0,0.00936144
20,3.0,0.0052938586000000004
21,4.0,0.0111780918
22,2.0,0.0120070733
23,5.0,0.0
24,3.0,0.016512156899999998
0,5.0,0.015366393
1,3.0,0.024186879
2,4.0,0.010464065
3,4.0,0.038562683
4,5.0,0.019839768
5,3.0,0.15727938
6,3.0,0.009255252
7,5.0,0.062861813
8,4.0,0.174606077
9,5.0,0.201444535
10,5.0,0.0
0,3.0,0.002259993
1,4.0,0.006548092
2,2.0,0.014319256
3,1.0,0.004264346
4,7.0,0.0100305
5,4.0,0.000927224
6,4.0,0.000225764
7,4.0,0.010869577
8,5.0,0.000818971
9,3.0,0.001055455
10,4.0,0.004266593
11,3.0,0.007116012
12,4.0,0.012740964
13,3.0,0.018107347
14,4.0,0.005532854
15,5.0,0.005155918
16,3.0,0.010859491
17,2.0,0.019233665
18,3.0,0.01039677
19,3.0,0.00739987
20,8.0,0.017261041
21,5.0,0.003400863
22,4.0,0.020770096000000002
23,4.0,0.010816489
24,4.0,0.010447526
25,4.0,0.013843191
26,4.0,0.008022192
27,3.0,0.004874162
28,8.0,0.02291004
29,5.0,0.023820634
30,4.0,0.012772903
31,4.0,0.013549926
32,4.0,0.008181294
33,5.0,0.030111374
34,9.0,0.038749593
35,5.0,0.004511229
36,5.0,0.01012854
37,4.0,0.035345
38,6.0,0.0196252
39,4.0,0.00945054
40,3.0,0.025060679
41,7.0,0.017711774
42,6.0,0.010275504
43,3.0,0.031016921
44,4.0,0.011358892
45,3.0,0.007721547
46,5.0,0.094702539
47,4.0,0.015944604
48,4.0,0.011462072
49,3.0,0.006535945
50,5.0,0.009697335
51,5.0,0.011976549
52,4.0,0.028280611
53,5.0,0.003967434
54,5.0,0.012802229
55,10.0,0.009023362
0,4.0,0.0
1,4.0,0.0
2,5.0,0.0
3,3.0,0.010697651
4,5.0,0.015942764
5,4.0,0.006246238
6,9.0,0.017075345
7,5.0,0.020745941
8,5.0,0.023821553999999998
9,4.0,0.024506919
10,5.0,0.017488525
11,13.0,0.015856429
12,12.0,0.01489999
13,3.0,0.015447388
14,10.0,0.022975196
15,7.0,0.017180464
16,4.0,0.009214776000000001
17,13.0,0.030911901
18,5.0,0.027289227
19,5.0,0.040214383
20,5.0,0.041921012
21,5.0,0.0
22,5.0,0.028127711
23,7.0,0.01628826
24,10.0,0.024839979
25,7.0,0.022143702
26,5.0,0.021947913
27,4.0,0.022211253
28,9.0,0.022446204
29,10.0,0.04303983
30,9.0,0.031346468
31,5.0,0.045531089
32,8.0,0.100302564
33,4.0,0.048233932
34,9.0,0.044620923
35,10.0,0.051012838
36,4.0,0.0508324
37,9.0,0.052607138
38,4.0,0.244168835
39,5.0,0.268918334
40,5.0,0.065346612
41,4.0,0.059698236
42,5.0,0.055716812
43,9.0,0.150179649
44,4.0,0.124413881
45,10.0,0.121478262
46,4.0,0.107176418
47,4.0,0.076962059
48,4.0,0.127753785
49,4.0,0.069728893
50,5.0,0.15155953
51,5.0,0.088126605
52,4.0,0.204040984
53,5.0,0.104555619
54,5.0,0.028488311
55,4.0,0.011799066
0,5.0,0.0005244389
1,4.0,0.000467216
2,3.0,0.00115905
3,3.0,0.001203167
4,5.0,0.000832076
5,4.0,0.0019557094
6,4.0,0.002989623
7,4.0,0.0060809556
8,3.0,0.0072292265
9,3.0,0.0060925468
10,4.0,0.014876535
11,5.0,0.0146237696
12,5.0,0.0134169569
13,4.0,0.010829634
14,5.0,0.0137585752
15,4.0,0.013345735
16,8.0,0.0125843412
17,5.0,0.0128324662
18,5.0,0.0150180156
19,8.0,0.0138118285
20,5.0,0.0134799248
21,5.0,0.0124078207
22,4.0,0.0192959714
23,3.0,0.0116425686
24,4.0,0.016614704
25,10.0,0.0159859913
26,4.0,0.0170122283
27,4.0,0.0174907118
28,4.0,0.0129098937
29,3.0,0.0247446078
30,3.0,0.1770925253
31,5.0,0.0222219879
32,5.0,0.0034209475
0,5.0,0.010579896
1,5.0,0.138710867
2,4.0,0.302237822
3,3.0,0.053788665
4,5.0,0.193254207
5,5.0,0.041139246
6,4.0,0.18282833
7,5.0,0.006771339
8,5.0,0.007012859
9,10.0,0.040434762
10,9.0,0.065223342
11,3.0,0.004061547
12,10.0,0.050981745
13,4.0,0.067799934
14,12.0,0.113412065
15,5.0,0.183654337
16,5.0,0.195473929
17,7.0,0.164766464
18,5.0,0.133221185
19,5.0,0.130532172
20,4.0,0.011004876
21,3.0,0.002916943
22,5.0,0.032680295
23,4.0,0.067268318
24,10.0,0.045129642
25,4.0,0.047771928
26,5.0,0.065712809
27,8.0,0.096883829
28,8.0,0.014330623
29,7.0,0.017040852
30,13.0,0.037555014
31,3.0,0.057578103
32,5.0,0.034029597
33,10.0,0.140633485
34,5.0,0.031262885
35,10.0,0.021144316
36,5.0,0.012766048
37,8.0,0.01521073
38,10.0,0.015462158
39,5.0,0.326855705
40,5.0,0.045702585999999996
41,4.0,0.06963572999999999
42,5.0,0.09402508700000001
43,4.0,0.015759132
44,4.0,0.013329173
45,3.0,0.699141735
46,10.0,0.139048967
47,18.0,0.023180413
48,7.0,0.059225998
49,4.0,0.050890095
50,4.0,1.527525256
51,9.0,0.088293222
52,5.0,0.073141433
0,4.0,0.000474383
1,9.0,0.000685296
2,4.0,0.000907026
3,3.0,7.147e-05
4,4.0,7.55e-06
5,4.0,0.0
6,4.0,0.0004376044
7,5.0,0.0004715374
8,5.0,0.0002400748
9,4.0,0.0002021802
10,5.0,0.0002889396
11,4.0,0.000924671
12,5.0,0.0010631031
13,5.0,0.0038053551
14,4.0,0.0036477423
15,5.0,0.0007211000999999999
16,5.0,0.001359479
17,4.0,0.0015406491
18,5.0,0.001902841
19,10.0,0.0019351427
20,3.0,0.0023714552
21,5.0,0.0049713389
22,5.0,0.0042398188
23,3.0,4.4731e-05
24,8.0,0.0039435992
25,5.0,0.0034476074
26,4.0,0.0038376388
27,5.0,0.0051484166
28,5.0,0.0156095814
29,4.0,0.0305778622
30,5.0,0.0060334572999999996
31,3.0,0.0053569464
32,14.0,0.0058543799
33,8.0,0.0090475753
34,5.0,0.0098758713
35,5.0,0.012645389
36,4.0,0.0162446785
37,5.0,0.0228785895
38,5.0,0.0222738856
39,3.0,0.0028986241
40,4.0,0.0020150901000000002
0,5.0,0.0
1,9.0,0.0
2,4.0,0.0
3,9.0,0.004776391
4,3.0,0.010847957
5,3.0,0.007142074
6,4.0,0.004735997
7,4.0,0.002861398
8,7.0,0.010197409
9,5.0,0.016359823
10,4.0,0.018539084
11,3.0,0.006062969
12,4.0,0.011091342
13,5.0,0.003862448
14,9.0,0.021059368
15,5.0,0.007911128
16,5.0,0.013429413
17,3.0,0.006628816
18,9.0,0.010081083
19,5.0,0.017726211
20,8.0,0.006699702
21,8.0,0.008205078
22,5.0,0.008371731
23,10.0,0.016517902
24,15.0,0.011434815
25,25.0,0.012270107
26,37.0,0.013324228
27,14.0,0.009705222
28,9.0,0.0047531150000000005
29,9.0,0.005396421
30,18.0,0.005534732
31,5.0,0.007852478
32,3.0,0.014175159
33,5.0,0.024914191
34,5.0,0.028360467
35,43.0,0.023637321
36,34.0,0.025864061
37,10.0,0.016215386
38,4.0,0.013943884
39,5.0,0.007372128
40,5.0,0.0
41,19.0,0.018028231
42,13.0,0.016703561
43,23.0,0.01066606
44,10.0,0.009767991
45,10.0,0.007701758
46,14.0,0.005356137
47,9.0,0.00697245
48,5.0,0.006020853
49,3.0,0.065287072
50,7.0,0.073521324
51,5.0,0.043649988
52,10.0,0.014847659
53,10.0,0.012076479
54,3.0,0.008383341
55,4.0,0.004824501
56,5.0,0.060756252
57,9.0,0.039966318
58,8.0,0.027297294
59,7.0,0.019779018
60,4.0,0.016411853
61,5.0,0.0
62,5.0,0.014555462
63,5.0,0.012637652
64,5.0,0.234859165
65,5.0,0.063572235
66,4.0,0.037154809
67,19.0,0.028312145
68,5.0,0.021037411
69,9.0,0.013991571
70,4.0,0.177543284
71,11.0,0.096676473
72,4.0,0.058111843
73,3.0,0.039743001
74,4.0,0.469855773
75,5.0,0.21535405999999999
76,5.0,0.184832256
77,5.0,0.05734916
78,5.0,0.225549553
79,5.0,0.266464192
80,12.0,0.151875818
81,5.0,0.126454285
82,15.0,0.119991004
83,4.0,0.099319245
84,4.0,0.157873303
85,4.0,0.066301144
0,5.0,0.0
1,5.0,0.0
2,5.0,0.0
3,5.0,0.0
4,4.0,0.01336589
5,4.0,0.0
6,5.0,0.0
7,4.0,1.735e-05
8,20.0,0.0
9,3.0,0.0145176948
10,5.0,0.000101741
11,5.0,0.0011487239
12,3.0,0.0017266859999999998
13,3.0,0.00023827
14,3.0,0.000131844
15,5.0,0.000184087
16,1.0,0.0197138138
17,5.0,0.000138696
18,5.0,0.000190029
19,4.0,0.00025602999999999997
20,8.0,0.0085431274
21,4.0,0.000748306
22,4.0,0.0119862224
23,1.0,0.0017276453
24,3.0,0.0057679043
0,4.0,0.000183958
1,10.0,0.001601777
2,4.0,0.000254059
3,5.0,0.00018630399999999998
4,4.0,0.0
5,5.0,0.0
6,9.0,0.0
7,4.0,0.0
8,5.0,0.0
9,3.0,0.0
10,4.0,0.000759551
11,5.0,0.0
12,4.0,0.0
13,4.0,0.029896835
14,5.0,0.045668998
15,4.0,0.056918115
16,3.0,0.006338945
17,8.0,0.034027997
18,10.0,0.047681243
19,5.0,0.009183818
20,5.0,0.014711206
21,5.0,0.081123736
22,4.0,0.0
23,4.0,0.0
24,15.0,0.0
25,5.0,0.011876445
26,5.0,0.031586216
27,10.0,0.050864849
28,8.0,0.041487993
29,4.0,0.076159255
30,5.0,0.090089121
31,4.0,0.084935547
32,3.0,0.027936061
33,5.0,0.066229713
34,4.0,0.051906898
35,8.0,0.070571694
36,18.0,0.068999255
37,5.0,0.063732531
38,5.0,0.09904205
39,4.0,0.001081542
40,5.0,0.002576766
41,7.0,0.136992346
42,27.0,0.1083039
43,10.0,0.126492298
44,5.0,0.110674165
45,7.0,0.099308643
46,4.0,0.065304633
47,5.0,0.135558809
48,4.0,0.090449565
49,21.0,0.089942156
50,14.0,0.071623312
51,4.0,0.062637267
52,10.0,0.055232381
53,20.0,0.038348257
54,5.0,0.097882674
55,3.0,0.0
56,4.0,0.123731381
57,10.0,0.120506003
58,5.0,0.196425723
59,15.0,0.08115692
60,5.0,0.055014575
61,5.0,0.027658872
62,5.0,0.146054346
63,5.0,0.118136616
64,5.0,0.189461272
65,4.0,0.15909825
66,5.0,0.126947497
67,9.0,0.100178752
68,8.0,0.084684167
69,5.0,0.064349959
70,5.0,0.0
71,5.0,0.310058826
72,10.0,0.369560629
73,8.0,0.279780445
74,3.0,0.117287499
75,4.0,0.081051401
76,4.0,0.222861226
77,14.0,0.204578116
78,4.0,0.125119288
79,5.0,0.0
80,4.0,0.339789589
81,5.0,0.276317638
82,3.0,0.156949881
83,4.0,0.164489502
84,10.0,0.093902982
85,3.0,0.070081621
86,5.0,0.042833914
87,5.0,0.041810918
88,4.0,0.032142313
0,4.0,5.2151e-05
1,3.0,0.0
2,1.0,0.0
3,1.0,0.0
4,5.0,0.0008872719999999999
5,3.0,0.0
6,4.0,2.81868e-05
7,5.0,0.00016765069999999998
8,5.0,0.0003019285
9,4.0,0.0
10,5.0,4.0741000000000005e-06
11,10.0,1.84581e-05
12,4.0,0.000377659
13,5.0,3.02685e-05
14,3.0,0.0
15,4.0,0.0100927905
16,5.0,4.29176e-05
17,4.0,0.002609701
18,4.0,0.0077345048
19,4.0,0.0051505431
20,5.0,0.0065849726
21,5.0,0.0087838274
22,5.0,0.0027495331
23,4.0,0.0
24,9.0,0.011877122
25,5.0,0.0141636307
26,3.0,0.0173379766
27,11.0,0.0180700263
28,3.0,0.0202681196
29,3.0,0.0079958338
30,3.0,0.0294117528
31,9.0,0.0164017307
32,5.0,0.0200856654
33,5.0,0.0186401252
34,3.0,0.0177775912
35,10.0,0.0177274419
36,4.0,0.0832725773
37,5.0,0.0321953162
38,5.0,6.2342e-05
39,3.0,0.0194258606
40,3.0,0.022191995
41,1.0,0.0234853086
42,1.0,0.004968869
43,5.0,0.0121997652
44,4.0,0.0150786234
45,5.0,0.021801573
46,4.0,0.0224349866
47,12.0,0.0231184871
48,5.0,0.0431744317
49,10.0,0.0319107109
50,5.0,0.0258632761
51,3.0,0.0295879465
52,5.0,0.0324302872
53,5.0,0.0349554318
54,4.0,0.0208132481
55,4.0,0.0601316682
56,3.0,0.0292260371
57,3.0,0.0014529818
58,5.0,0.007756673
0,5.0,0.0
1,10.0,0.0
2,4.0,0.0
3,5.0,0.007225397
4,4.0,0.083282915
5,5.0,0.0
6,5.0,0.146864456
7,4.0,0.0
8,3.0,0.0
9,5.0,0.0
10,5.0,0.0
11,2.0,0.081363227
12,4.0,0.086092788
13,5.0,0.064411503
14,5.0,0.0
15,4.0,0.116554676
16,4.0,0.074793043
17,5.0,0.104516468
18,4.0,0.084079399
19,14.0,0.057195987999999996
20,5.0,0.056136796
21,3.0,0.0009027120000000001
22,9.0,0.064498644
23,3.0,0.137674671
24,11.0,0.110535943
25,3.0,0.09759093
26,3.0,0.089294307
27,5.0,0.0
28,4.0,0.058234667
29,10.0,0.059782224
30,5.0,0.041335722
31,1.0,0.052368295
32,4.0,0.309584839
33,4.0,0.247264795
34,2.0,0.13564104899999999
35,4.0,0.052842067
36,5.0,0.060201575
37,3.0,0.14376643
38,3.0,0.065455036
39,3.0,0.03586419
40,3.0,0.035364564
41,2.0,0.070043653
42,3.0,0.075187208
43,3.0,0.100994421
44,4.0,0.043462932
45,3.0,0.128557439
46,3.0,0.130762707
47,5.0,0.007857923
48,3.0,0.071466715
49,5.0,0.001073812
50,2.0,0.108050418
51,3.0,0.000953638
0,5.0,0.0
1,3.0,5.7437e-06
2,4.0,0.0
3,4.0,0.0
4,3.0,2.3466e-05
5,1.0,5.78357e-05
6,8.0,0.0013117206
7,3.0,0.0262646455
8,3.0,0.0200047332
9,3.0,0.0030224577
10,2.0,0.0031132478
11,4.0,0.0024353934
12,3.0,0.0019513223
13,4.0,0.0153620721
14,4.0,0.0052113139
15,10.0,0.0044828525
16,3.0,0.0048064151
17,3.0,0.0081577246
18,5.0,0.0346691606
19,3.0,0.0116979492
20,4.0,0.011974692299999999
21,6.0,0.3030929281
22,3.0,0.0387664763
23,5.0,0.0271705861
24,5.0,0.0057316883
25,4.0,0.0099979099
26,2.0,0.0021028342
27,3.0,0.0018169398000000001
0,1.0,0.0
1,5.0,0.0
2,5.0,0.0
3,4.0,0.0
4,7.0,0.0
5,4.0,0.0
6,3.0,0.004579365
7,5.0,0.015627922
8,3.0,0.046525925
9,3.0,0.026653036
10,4.0,0.050016184
11,5.0,0.03131193
12,5.0,0.0441409491
13,6.0,0.029604451
14,5.0,0.0905900432
15,16.0,0.06163547
16,14.0,0.0929429786
17,14.0,0.0628719209
18,4.0,0.0330885895
19,5.0,0.04400656
20,5.0,0.053732381
21,14.0,0.053211392
22,21.0,0.0313331311
23,5.0,0.0957111183
24,6.0,0.1726793321
25,3.0,0.0805176001
26,3.0,0.1178025675
27,4.0,0.0506165767
28,4.0,0.0445623104
29,8.0,0.0455718948
30,4.0,0.479181907
31,8.0,0.10167577
32,13.0,0.054587481
33,15.0,0.044264767
34,4.0,0.220986553
35,9.0,0.0871627019
36,1.0,0.000100737
37,4.0,0.100041818
38,5.0,0.665937787
0,5.0,0.0
1,1.0,2.414e-06
2,15.0,6.63565e-05
3,10.0,7.86678e-05
4,4.0,3.11343e-05
5,3.0,0.0010551935
6,4.0,0.0002930199
7,4.0,0.0016487852
8,4.0,0.0014932357000000001
9,3.0,0.00126574
10,5.0,0.0058454894
11,3.0,0.0019906982
12,4.0,0.002847001
13,5.0,0.0026351871
14,3.0,0.0049244846
15,3.0,0.0033060286
16,5.0,0.0036742356
17,5.0,0.0049066717
18,5.0,0.0043565334
19,5.0,0.0083008861
20,8.0,0.08005953539999999
21,3.0,0.0083447483
0,5.0,0.007158286
1,4.0,0.0
2,4.0,0.0
3,4.0,0.00645594
4,9.0,0.0
5,5.0,0.0
6,5.0,0.013829927
7,4.0,0.0
8,5.0,0.0
9,4.0,0.0
10,5.0,0.06972296
11,4.0,0.088390549
12,4.0,0.095673815
13,4.0,0.085089511
14,3.0,0.147250794
15,5.0,0.192390219
16,4.0,0.036999699
17,7.0,0.073735027
18,4.0,0.14094791
19,5.0,0.138672141
20,14.0,0.118094432
21,3.0,0.153496604
22,16.0,0.188839004
23,10.0,0.10260589
24,10.0,0.077326777
25,8.0,0.074239891
26,9.0,0.047987612
27,4.0,0.093906626
28,8.0,0.013470452
29,5.0,0.109221087
30,15.0,0.133865423
31,4.0,0.128018791
32,4.0,0.10326077
33,5.0,0.059108985
34,16.0,0.096107395
35,5.0,0.051800704
36,5.0,0.019299767
37,5.0,0.08341003
38,9.0,0.053214312
39,5.0,0.059053207
40,4.0,0.040328308
41,5.0,0.086234392
42,5.0,0.059843171
43,5.0,0.232389519
44,12.0,0.075759417
45,4.0,0.047780258
46,4.0,0.27817354
47,5.0,0.552318426
48,5.0,0.11634417
49,5.0,0.079722316
50,4.0,0.125392989
51,5.0,0.101267283
52,8.0,0.076386882
53,3.0,0.201787065
54,8.0,0.140399401
55,1.0,0.00011648
56,4.0,0.014551839
57,3.0,0.00529938
0,5.0,0.0
1,10.0,1.04e-06
2,4.0,0.000210706
3,5.0,0.0007405256
4,5.0,0.0047461049
5,5.0,0.027613445
6,9.0,0.016871284
7,5.0,0.017822625
8,5.0,0.0096731441
9,5.0,0.0012573716
10,5.0,0.003328681
11,4.0,0.0017056523
12,5.0,0.0023314908
13,5.0,0.0040128542
14,3.0,0.0017800014
15,5.0,0.009733273
16,3.0,0.0138267388
0,5.0,0.0
1,3.0,0.014391128
2,4.0,0.113635308
3,4.0,0.085282968
4,5.0,0.0
5,4.0,0.209605557
6,5.0,0.577525715
7,4.0,0.082008275
8,8.0,0.065725995
9,5.0,0.111744929
10,3.0,0.001350657
11,3.0,0.054625453
12,5.0,0.041749181
13,5.0,0.683187248
14,5.0,0.978498192
15,5.0,0.080648847
16,5.0,0.078062988
17,5.0,0.13496148
18,4.0,0.109555681
19,5.0,0.20136215699999999
20,5.0,0.135711075
21,4.0,0.090477064
22,4.0,0.012876598
23,5.0,0.077348266
24,3.0,0.131440073
25,5.0,0.155877454
26,5.0,0.23276502400000001
27,5.0,0.110950598
28,6.0,0.10023164
29,5.0,0.0412275
30,5.0,0.167930987
31,4.0,0.129940316
32,20.0,0.03557984
33,5.0,0.104645235
34,5.0,0.060573864
35,3.0,0.018145457
36,4.0,0.002043012
37,5.0,0.248472227
38,5.0,0.0
39,5.0,0.068263159
40,4.0,0.065559129
41,3.0,0.022988174
42,2.0,0.17997743
43,5.0,0.004169241
44,4.0,1.7233e-05
0,5.0,0.019403308
1,2.0,0.0
2,10.0,0.016396063
3,5.0,0.02290505
4,4.0,0.006457879
5,5.0,0.019468508
6,10.0,0.025462794
7,4.0,0.016931328
8,3.0,0.0211444885
9,4.0,0.0260408918
10,3.0,0.0089092785
11,3.0,0.017614733
12,4.0,0.0054258686
13,4.0,0.0125754586
14,3.0,0.0084174851
15,5.0,0.0
16,5.0,0.0225726852
17,5.0,0.018681771
18,3.0,0.0212826245
19,4.0,0.0196680731
20,5.0,0.0128306107
21,5.0,0.0083536683
22,3.0,0.0149579501
23,2.0,0.0061802542
0,5.0,6.8465e-05
1,8.0,0.000705705
2,5.0,0.003729719
3,9.0,0.002425729
4,4.0,0.00981921
5,3.0,0.028584486
6,3.0,0.037164253
7,3.0,0.024242415
8,4.0,0.033723845
9,4.0,0.061694784
10,4.0,0.903736107
11,3.0,0.09587261799999999
12,3.0,0.074604843
13,5.0,0.063996797
14,5.0,0.046870468
15,5.0,0.080056528
16,5.0,0.082039625
17,4.0,0.079078354
18,4.0,0.055207717
19,5.0,0.069322152
20,13.0,0.071027506
21,5.0,0.049688801
22,4.0,0.056403153
23,4.0,0.073411524
24,5.0,0.03507584
25,2.0,0.049215643
26,5.0,0.046823629
27,9.0,0.031708041
28,4.0,0.039265207
29,5.0,0.042026207
30,5.0,0.029667883
31,31.0,0.067496254
32,5.0,0.089947764
33,8.0,0.077029366
34,5.0,0.06623049
35,3.0,0.042547166
36,9.0,0.088916446
37,5.0,0.063359514
38,5.0,0.041179763
39,3.0,0.013239518
40,5.0,0.058824421
41,5.0,0.042986133
42,13.0,0.037441422
43,8.0,0.028734061
44,5.0,0.040626099
45,5.0,0.132720938
46,5.0,0.133985739
47,14.0,0.049673014
48,5.0,0.037759305
49,5.0,0.002163411
50,4.0,0.162383129
51,8.0,0.05099933
52,5.0,0.038638366
53,5.0,0.364580948
54,5.0,0.041824228
55,3.0,0.016424277
56,9.0,0.089754115
57,3.0,0.065390565
58,4.0,0.053080854
59,5.0,0.080919186
60,5.0,0.077919526
61,5.0,0.056498229999999997
62,4.0,0.013214285
63,5.0,0.069542237
64,5.0,0.027271173
65,5.0,0.016387944
66,4.0,0.033880697
0,3.0,4.1491e-06
1,4.0,4.5119e-06
2,5.0,0.0
3,5.0,8.56201e-05
4,4.0,0.0001411756
5,3.0,0.0002048393
6,3.0,0.005351667
7,5.0,0.0025575901
8,4.0,0.0023427864
9,5.0,0.0019935546
10,4.0,0.0068389255
11,4.0,0.0045426322
12,4.0,0.0043823788
13,5.0,0.002828505
14,5.0,0.0029041857
15,10.0,0.0025512925
16,5.0,0.0073583158
17,4.0,0.003442368
18,3.0,0.0176574517
19,5.0,0.0077460457
20,4.0,0.0275818566
21,3.0,0.0089009386
22,5.0,0.0262282181
23,4.0,0.0047560313
24,5.0,0.0070322977
0,4.0,0.010649967
1,9.0,0.007711676
2,3.0,0.007401289
3,4.0,0.049393022
4,1.0,0.09552937
5,3.0,0.04998238
6,4.0,0.015143252
7,4.0,0.131955864
8,5.0,0.155492268
9,3.0,0.086559005
10,6.0,0.50941566
11,5.0,0.0
12,5.0,2.3339e-05
13,3.0,0.168899645
14,4.0,0.09826180600000001
15,4.0,0.131730713
16,3.0,0.147915347
17,4.0,0.237252398
18,3.0,0.013938865
19,4.0,0.000812371
20,5.0,0.061108956
21,23.0,0.091839689
22,3.0,0.275198586
23,5.0,0.488590815
24,10.0,0.05564822
25,5.0,0.025229602
26,5.0,0.082264698
27,2.0,0.068791934
28,5.0,0.067539965
29,4.0,0.041064756
30,5.0,0.030499252
31,5.0,0.233723238
32,4.0,0.118959257
33,5.0,0.033616185
34,4.0,0.455841842
35,5.0,0.060001047
36,10.0,0.043853745
37,5.0,0.085896084
38,4.0,0.050937881
39,9.0,0.03519622
40,17.0,0.076707086
41,9.0,0.06960744
42,4.0,0.066038169
43,4.0,0.050780566
44,5.0,0.055288777
45,4.0,0.09475584100000001
46,5.0,0.0
47,3.0,5.2963e-05
0,4.0,1.5443e-05
1,3.0,0.0
2,10.0,8.346e-06
3,4.0,0.000179396
4,4.0,0.0
5,6.0,2.207e-06
6,4.0,0.001456127
7,4.0,0.003921318
8,5.0,0.0038358441999999998
9,3.0,0.006199115
10,9.0,0.0060931556
11,2.0,0.0047267602
12,5.0,0.0043428134
13,3.0,0.0041524981
14,3.0,0.0041170128
15,4.0,0.0094678119
16,5.0,0.0087564509
17,5.0,0.0048569347
18,4.0,0.0074091208
19,5.0,0.0053698902
20,8.0,0.004546406
21,5.0,0.0034904503
22,3.0,0.0444668024
23,4.0,0.0076885161
24,4.0,0.0031329935
25,4.0,0.0301655384
26,4.0,0.1125230091
27,3.0,0.0076610173
28,3.0,0.028501862
0,4.0,0.0
1,5.0,0.0
2,3.0,0.0
3,4.0,0.0
4,4.0,0.08191728
5,4.0,0.998664324
6,3.0,0.04530532
7,4.0,0.072299149
8,4.0,0.093060855
9,14.0,0.113596494
10,7.0,0.031314442
11,9.0,0.075160673
12,5.0,0.102091839
13,4.0,0.162154414
14,3.0,0.017872272
15,5.0,0.05087547
16,5.0,0.031017987
17,7.0,0.056682325
18,5.0,0.06600276
19,8.0,0.077641953
20,3.0,0.119707222
21,8.0,0.074395776
22,4.0,0.103447348
23,8.0,0.092967611
24,4.0,0.079332241
25,8.0,0.160955498
26,10.0,0.073352262
27,8.0,0.046358278
28,4.0,0.01963555
29,5.0,0.056211893
30,5.0,0.071572339
31,3.0,0.051518114
32,5.0,0.040429198
33,18.0,0.032787639
34,5.0,0.13486254
35,5.0,0.042390758
36,5.0,0.0361808
37,5.0,0.055532069
38,9.0,0.05630509
39,3.0,0.040626182
40,6.0,0.037249025
41,3.0,0.066283551
42,3.0,0.254066715
43,4.0,0.098685887
44,5.0,0.057494665
45,9.0,0.059802563
46,5.0,0.048223836
47,8.0,0.051061951
48,5.0,0.164713537
49,8.0,0.084262627
50,4.0,0.094966419
51,4.0,0.095326097
52,5.0,0.191991048
53,5.0,0.110415898
54,5.0,0.086184787
55,5.0,0.37729324
56,3.0,0.0
57,4.0,0.150445939
58,4.0,0.103263876
59,5.0,0.099194523
60,4.0,0.055643059
61,3.0,0.000173781
0,4.0,0.0
1,3.0,0.0
2,5.0,0.0
3,5.0,0.0
4,3.0,0.0
5,4.0,0.0
6,4.0,7.392e-07
7,4.0,0.0
8,5.0,8.043e-06
9,5.0,3.4362e-05
10,4.0,6.797239999999999e-05
11,5.0,7.24143e-05
12,4.0,0.000270831
13,4.0,0.0074200936
14,4.0,0.0001306187
15,3.0,0.00016889500000000002
16,5.0,0.0006703734
17,5.0,0.000414577
18,3.0,0.0002440632
19,3.0,0.0308980302
20,7.0,0.0032566854
21,3.0,0.0047114315
22,5.0,0.0126376838
23,4.0,0.0092130904
24,4.0,0.0075439921
25,4.0,0.0128511437
26,4.0,0.0137418061
27,3.0,0.0092707181
0,4.0,0.0
1,3.0,0.0
2,3.0,0.000204307
3,5.0,0.001618143
4,4.0,0.0
5,3.0,0.007353341
6,5.0,0.025733298
7,2.0,0.02900883
8,2.0,0.006293656
9,5.0,0.011671757
10,5.0,0.0
11,5.0,0.029536768
12,8.0,0.042278834
13,5.0,0.026945297
14,5.0,0.030386364
15,5.0,0.018889851
16,4.0,0.027247588
17,3.0,0.021457607
18,4.0,0.018134963
19,9.0,0.036483471
20,5.0,0.028303618
21,5.0,0.025216929
22,4.0,0.024517604
23,5.0,0.020286834
24,5.0,0.305016017
25,5.0,0.329045376
26,4.0,0.047900991
27,5.0,0.057370858
28,5.0,0.036758132
29,9.0,0.077860299
30,5.0,0.133590322
31,5.0,0.035451729
32,5.0,0.087739228
33,8.0,0.075697077
34,5.0,0.032118151
35,4.0,0.012065079
36,5.0,0.003975503
0,3.0,0.0
1,1.0,0.0
2,3.0,0.0
3,3.0,4.6423e-05
4,3.0,0.0001708109
5,4.0,0.0018322709
6,5.0,0.0021031939
7,5.0,0.0040044388
8,4.0,0.0062826865
9,3.0,0.0117453373
10,5.0,0.004341616
11,4.0,0.005116672
0,5.0,0.0
1,4.0,0.002843238
2,4.0,0.046296808
3,4.0,0.0
4,4.0,0.293936534
5,5.0,0.114974244
6,7.0,0.06820878
7,3.0,0.113273723
8,14.0,0.102845774
9,5.0,0.08335833
10,4.0,0.063936187
11,5.0,0.077074262
12,5.0,0.0
13,5.0,0.150249215
14,14.0,0.116550752
15,5.0,0.118422701
16,5.0,0.094506199
17,5.0,0.104445799
18,4.0,0.071971076
19,10.0,0.079448792
20,5.0,0.074486828
21,5.0,0.046440374
22,12.0,0.03606856
23,5.0,0.1358712
24,10.0,0.193789521
25,5.0,0.059762734
26,4.0,0.054014341
27,5.0,0.042180915
28,5.0,0.093689984
29,5.0,0.283013238
30,4.0,0.15575281
31,5.0,0.086030245
32,5.0,0.069440335
33,5.0,0.594942069
34,5.0,0.075777052
35,5.0,0.240364016
36,10.0,0.041572572
37,5.0,0.998517936
38,7.0,0.144763387
39,17.0,0.087510211
40,15.0,0.070427387
41,3.0,0.057573644
42,5.0,0.181202093
43,5.0,0.082910904
44,5.0,0.214933544
45,5.0,0.078852108
46,5.0,0.111061267
47,5.0,0.063250068
48,5.0,0.004623505
49,4.0,0.024374495
50,3.0,0.009559039
51,5.0,0.000385068
0,3.0,0.0
1,1.0,0.0
2,3.0,0.0
3,9.0,4.5154e-05
4,4.0,0.007416274
5,7.0,0.007319223
6,4.0,0.013466569
7,3.0,0.0062764710000000005
8,5.0,0.005675873
9,5.0,0.005565454
10,5.0,0.005988517
11,5.0,0.006329284
12,5.0,0.007487594
13,5.0,0.003751145
14,5.0,0.003807605
15,7.0,0.00387801
16,5.0,0.006465556
17,4.0,0.006586533
18,5.0,0.006447776
19,5.0,0.0295165664
20,3.0,0.052439693
21,5.0,0.011471674
22,5.0,0.011881046
23,3.0,0.015872975
24,9.0,0.017223105
25,4.0,0.013706255
26,5.0,0.012800824
27,5.0,0.030821384
28,5.0,0.020614202
29,5.0,0.036043709
30,4.0,0.025585625
31,8.0,0.019855143
32,1.0,0.006762267
33,5.0,0.011944245
34,3.0,0.022017371
0,10.0,0.0
1,5.0,0.0
2,5.0,0.00014607799999999998
3,9.0,0.056048892
4,1.0,0.000646702
5,5.0,3.0817e-05
6,2.0,0.010892470999999999
7,5.0,0.034871789
8,3.0,0.012920699
9,4.0,0.031742899
10,4.0,0.160378568
11,4.0,0.077751148
12,10.0,0.076244091
13,5.0,0.0
14,4.0,0.235150569
15,5.0,0.048586185999999996
16,3.0,0.044247544
17,4.0,0.039148791
18,9.0,0.145209055
19,5.0,0.018607703
20,4.0,0.085042588
21,3.0,0.067476776
22,3.0,0.081983324
23,5.0,0.0
24,5.0,0.029580211999999998
0,3.0,0.00712117
1,9.0,0.01229811
2,4.0,0.011853088
3,3.0,0.008380956
4,3.0,0.01517253
5,4.0,0.008924413
6,5.0,0.033064651
7,3.0,0.000899103
8,3.0,0.002162966
9,5.0,0.008857897
10,3.0,0.005870646
11,5.0,0.035148228
12,3.0,0.007965861
13,6.0,0.006207287
14,10.0,0.008592178
15,5.0,0.004899447
16,5.0,0.016753474
17,5.0,0.009565023
18,5.0,0.016267858
19,4.0,0.015420814
20,10.0,0.006695183
21,3.0,0.025387623
22,5.0,0.022894699
23,5.0,0.019517875
24,5.0,0.013056458
25,3.0,0.016931655
26,5.0,0.013993736
27,5.0,0.01553901
28,5.0,0.048275189
29,4.0,0.026748142
30,5.0,0.018769545
31,4.0,0.022282877
32,5.0,0.0
33,4.0,0.092648029
34,2.0,0.033022561
35,5.0,0.015641426
36,5.0,0.017518027
37,5.0,0.005058474
38,3.0,0.011013108
39,5.0,0.010778581
40,5.0,0.075178783
41,9.0,0.022797135
42,5.0,0.021472962
43,1.0,0.010870462
44,5.0,0.027675226
45,5.0,0.024499697
46,2.0,0.016428331
47,1.0,0.012825266
48,2.0,0.0
49,2.0,0.0
50,2.0,0.0
0,10.0,0.0
1,5.0,0.0
2,5.0,0.0
3,5.0,0.0
4,4.0,0.069017209
5,3.0,0.02017625
6,4.0,2.3477e-05
7,5.0,2.3676999999999997e-05
8,5.0,0.000228463
9,8.0,0.000204469
10,5.0,0.578070553
11,5.0,0.005166075
12,5.0,0.107129395
13,5.0,0.00603279
14,4.0,0.14444864
15,5.0,0.212066053
16,5.0,0.035703425
17,4.0,0.052684133
18,5.0,0.056778021
19,7.0,0.01105656
20,3.0,0.005277902
21,4.0,0.004951088
22,5.0,0.005951504
23,5.0,0.162232006
24,9.0,0.157234777
25,4.0,0.81246817
26,10.0,0.00730706
27,4.0,0.008588525999999999
28,5.0,0.124223142
29,5.0,0.021124817
30,4.0,0.138161123
31,18.0,0.119947645
32,5.0,0.023949032999999998
33,8.0,0.026185578
34,5.0,0.028423489
35,15.0,0.075528586
36,5.0,0.027060544
37,5.0,0.317989053
38,5.0,0.189828705
39,5.0,0.13494727
40,19.0,0.1002895
41,14.0,0.084016544
42,5.0,0.042271194
43,3.0,0.018393121
44,4.0,0.192244873
45,5.0,0.059131763999999996
46,14.0,0.049726457
47,9.0,0.039452182
48,12.0,0.035118879
49,5.0,0.034085382
50,5.0,0.032086188
51,4.0,0.037294174
52,5.0,0.15924546
53,5.0,0.01557046
54,5.0,0.081108757
55,9.0,0.035160276
56,5.0,0.025168021
57,4.0,0.01887589
58,5.0,0.0049706329999999995
59,5.0,0.000196517
60,3.0,0.069601882
61,4.0,0.009793295
62,5.0,0.000309908
63,3.0,0.034684697
64,4.0,0.015876191
65,10.0,0.00037099
66,5.0,0.0
67,5.0,0.0
68,5.0,0.0
0,5.0,0.0
1,1.0,0.0
2,5.0,9.785999999999999e-06
3,4.0,7.2182e-05
4,3.0,0.001484256
5,10.0,0.01222541
6,3.0,0.008805696
7,4.0,3.0859e-05
8,5.0,0.007486339
9,5.0,0.021714395
10,5.0,5.6701e-05
11,5.0,0.009357817
12,3.0,0.02539278
13,5.0,0.019040146
14,5.0,0.013198006
15,3.0,0.012470374
16,7.0,0.017779215
17,3.0,0.013260665999999999
18,5.0,0.008796246
19,3.0,0.014135852
20,3.0,0.013450029
21,4.0,0.007218999
22,5.0,0.02034582
23,3.0,0.006238843
24,10.0,0.005437619
25,5.0,0.008183703
26,5.0,0.02748109
27,4.0,0.009452076
28,5.0,0.01033441
29,5.0,0.016726575
30,5.0,0.01168614
31,3.0,0.005719491
32,5.0,0.01653415
33,4.0,0.013315228
34,5.0,0.012837537
35,5.0,0.009316736
36,5.0,0.018567463
37,8.0,0.01871476
38,5.0,0.009559303
39,5.0,0.009940185
40,4.0,0.021714524
41,9.0,0.013168194
42,4.0,0.011156031
43,4.0,0.013689364
44,3.0,0.059689747
45,5.0,0.041748044
46,4.0,0.023980132
47,5.0,0.011007556
48,5.0,0.008509713
49,4.0,0.020425659999999998
50,5.0,0.003299375
51,4.0,0.002955104
52,5.0,0.007577004
53,5.0,0.000769726
54,5.0,0.000392522
55,3.0,0.000231603
56,3.0,6.222e-06
57,5.0,0.0
0,3.0,8.611e-05
1,5.0,0.0
2,4.0,0.001202431
3,3.0,0.0019189
4,5.0,0.000326666
5,5.0,0.003120839
6,4.0,0.004558355
7,4.0,0.092748031
8,5.0,0.007625695
9,7.0,0.063578128
10,5.0,0.056017658
11,5.0,0.052285789
12,5.0,0.012164204
13,3.0,0.017333782
14,5.0,0.04250964
15,4.0,0.009374391
16,1.0,0.181832428
17,5.0,0.007968742
18,5.0,0.004957309
19,3.0,0.029334726
0,4.0,0.023326412
1,10.0,0.023158502
2,3.0,0.018913315
3,5.0,0.020608146
4,3.0,0.022848732
5,5.0,0.025146107
6,2.0,0.028434351
7,5.0,0.04679085
8,4.0,0.039632705
9,4.0,0.031990151
10,5.0,0.006053604
11,5.0,0.023792753
12,4.0,0.095540675
13,1.0,0.071467623
14,3.0,0.011218006
15,5.0,0.047034128
16,4.0,0.139988706
0,5.0,0.0
1,10.0,0.001863452
2,2.0,0.103279095
3,4.0,0.089856268
4,3.0,0.315545386
5,3.0,0.306742254
6,4.0,0.148115613
7,5.0,0.11932881
8,4.0,0.158015315
9,4.0,0.023183884
10,3.0,0.060306208
11,4.0,0.073108226
12,5.0,0.089152708
13,3.0,0.149234527
14,8.0,0.101387026
15,4.0,0.112182058
16,3.0,0.078569667
17,5.0,0.126036675
18,3.0,0.026580427
19,4.0,0.063832856
20,14.0,0.061870506
21,3.0,0.037572861
22,5.0,0.122762062
23,5.0,0.131104461
24,10.0,0.05594392
25,5.0,0.054472572
26,4.0,0.048367174
27,5.0,0.045975194
28,4.0,0.263152559
29,3.0,0.06617958
30,3.0,0.033286013
31,5.0,0.228923079
32,4.0,0.155805115
33,12.0,0.081032445
34,4.0,0.056171251
35,3.0,0.048255094
36,5.0,0.040755817
37,5.0,0.032917716
38,4.0,0.1048793
39,3.0,0.0
0,5.0,0.0
1,3.0,0.0
2,5.0,0.0
3,3.0,0.0
4,1.0,0.0
5,5.0,1.3632000000000001e-05
6,1.0,0.0
7,4.0,0.0
8,3.0,0.00512444
9,4.0,0.0098371959
10,5.0,0.008643184200000001
11,4.0,0.0075884761
12,5.0,0.0047102691
13,3.0,0.0040266493
14,5.0,0.009969839
15,10.0,0.0051282254
16,4.0,0.0066769254
17,4.0,0.0048858721
18,4.0,0.0117512997
19,4.0,0.0035462482
20,4.0,0.0052568841
21,3.0,0.0076562988
22,5.0,0.0107069071
23,4.0,0.0336287188
24,3.0,0.0097282191
25,3.0,0.0160550314
26,5.0,0.0010484794
0,5.0,0.00061487
1,3.0,0.001094344
2,5.0,0.007733523
3,2.0,0.033342814
4,3.0,0.194816358
5,3.0,0.09082606
6,4.0,0.117664015
7,3.0,0.098838853
8,4.0,0.064693634
9,5.0,0.0
10,8.0,0.128323525
11,3.0,0.148504445
12,5.0,0.169089163
13,14.0,0.126607176
14,8.0,0.253473821
15,4.0,0.0
16,5.0,0.162994744
17,3.0,0.061937756000000004
18,4.0,0.091822493
19,5.0,0.07925425999999999
20,4.0,0.133800886
21,7.0,0.524434148
22,4.0,0.176305366
23,13.0,0.092777914
24,5.0,0.07896498
25,3.0,0.007899773
26,5.0,0.063188254
27,8.0,0.059352557
28,8.0,0.050121864
29,8.0,0.050985229
30,2.0,0.066834197
31,9.0,0.06490562799999999
32,10.0,0.303869779
33,5.0,0.0
34,4.0,0.369158999
35,5.0,0.139133379
36,4.0,0.075745784
37,13.0,0.063779717
38,4.0,0.046872252
39,3.0,0.069565628
40,4.0,0.102291566
41,8.0,0.074261833
42,5.0,0.1623477
43,5.0,0.114924793
44,4.0,0.118679692
45,3.0,0.046845803
46,14.0,0.04580994
47,15.0,0.039394208
48,13.0,0.03725093
49,5.0,0.730331846
50,8.0,0.099576845
51,5.0,0.06417943499999999
52,3.0,0.155615218
53,4.0,0.075039564
54,3.0,0.0
0,5.0,0.0001799
1,1.0,0.0
2,1.0,0.005707553
3,5.0,0.003676195
4,2.0,0.0
5,5.0,0.003409716
6,5.0,0.01736445
7,5.0,0.006216752
8,2.0,0.009308722
9,1.0,0.000551204
10,4.0,0.011774132
11,4.0,0.012401408000000001
12,3.0,0.02143798
13,4.0,0.02157534
14,3.0,0.015142051
15,9.0,0.022128379
16,4.0,0.014960892
17,5.0,0.014413962
18,4.0,0.017826366
19,4.0,0.010439977
20,5.0,0.016384952
21,5.0,0.016064898
22,4.0,0.028332871
23,5.0,0.028360668
24,5.0,0.023118154
25,8.0,0.023569686
26,7.0,0.016176927
27,2.0,0.017618121
28,3.0,0.025844942
29,3.0,0.026457862
30,4.0,0.024640521
31,5.0,0.021596955
32,5.0,0.028080525
33,5.0,0.021128162
34,3.0,0.035216328
35,5.0,0.03085146
36,5.0,0.023206003
37,4.0,0.013096097
38,4.0,0.045718526
39,4.0,0.457426775
40,4.0,0.028963585
41,3.0,0.0020856439999999998
42,3.0,0.000197359
0,4.0,0.0
1,5.0,0.0
2,3.0,0.001230597
3,10.0,0.002555429
4,5.0,0.009478877
5,5.0,0.020709684
6,3.0,0.023350634
7,5.0,0.022011229
8,5.0,0.021897258
9,15.0,0.026495721
10,5.0,0.043555956
11,5.0,0.040753523
12,4.0,0.039486817
13,13.0,0.035188158
14,4.0,0.035449929
15,10.0,0.035801684
16,3.0,0.029686449
17,4.0,0.021639044
18,9.0,0.019627463
19,3.0,3.678e-05
20,3.0,0.027591463
21,5.0,0.043357249
22,4.0,0.031738402
23,5.0,0.029651999
24,4.0,0.024529197
25,5.0,0.222515902
26,4.0,0.069358287
27,13.0,0.049908162
28,5.0,0.062674338
29,4.0,0.023126145
30,5.0,0.063738119
31,4.0,0.005363129
0,15.0,0.0
1,5.0,0.0
2,5.0,0.0
3,5.0,0.0
4,3.0,0.0
5,5.0,0.0
6,5.0,0.0
7,5.0,2.853e-06
8,5.0,4.7168e-05
9,3.0,0.010470958
10,4.0,0.021036527
0,3.0,0.0
1,5.0,0.0
2,5.0,0.0
3,5.0,0.0
4,5.0,0.0
5,1.0,0.0
6,4.0,6.903e-06
7,4.0,0.0
8,4.0,0.001024456
9,4.0,0.0036484209999999998
10,8.0,0.004237123
11,4.0,0.000358942
12,4.0,0.009286004
13,5.0,0.015639706
14,4.0,0.083614843
15,3.0,0.001124794
16,5.0,0.020831712
17,2.0,0.17567022
18,14.0,0.199789608
19,4.0,0.093257835
20,3.0,0.006130378
21,5.0,0.051560093
22,3.0,0.067028444
23,5.0,0.079944958
24,4.0,0.097364087
25,10.0,0.097509045
26,4.0,0.188001088
27,3.0,0.041290399
28,5.0,0.048024845000000004
29,8.0,0.048649199
30,3.0,0.051369727
31,2.0,0.514545723
32,5.0,0.046716126
33,5.0,0.026495484
34,4.0,0.0
35,5.0,0.31975264600000003
36,4.0,0.043078526
37,9.0,0.040576121
38,5.0,0.123903588
39,3.0,0.023049178
40,5.0,0.446239773
41,4.0,0.090583335
0,5.0,0.000510414
1,5.0,0.000735744
2,5.0,0.0
3,3.0,0.001807156
4,3.0,0.018739651
5,4.0,0.014031877
6,3.0,0.020789698
7,5.0,0.014209934
8,4.0,0.014851376
9,2.0,0.016365905
10,4.0,0.022261895
11,14.0,0.023195369
12,4.0,0.037254099
13,5.0,0.051317008
14,4.0,0.050072866
15,2.0,0.043560359
16,3.0,0.036139927
17,5.0,0.025416458
18,4.0,0.02600349
19,12.0,0.050717177
20,10.0,0.078086172
21,3.0,0.017159202
22,4.0,0.022365998
23,4.0,0.014328331
24,4.0,0.019424741
25,14.0,0.042327272
26,5.0,0.062187364
27,3.0,0.052462686
28,5.0,0.0
29,15.0,0.024782087
30,9.0,0.035412336
31,4.0,0.036655994
32,5.0,0.074574932
33,4.0,0.094354473
34,5.0,0.112171243
35,11.0,0.02381697
36,3.0,0.050468176000000003
37,5.0,0.064492195
38,5.0,0.032253394
39,9.0,0.032158465
40,3.0,0.025664988
41,2.0,0.0
42,4.0,0.013013311999999999
43,3.0,0.050456254
44,3.0,0.000620976
